Name,Label,Type,URL,Description,Getter,Parser,DataViewer,Icon,Source,QueryParam1,QueryParam2,Header1
US CPI NSA,CPIAUCNS,CPIPrintIndex,https://fred.stlouisfed.org/graph/fredgraph.csv,Consumer Price Index for All Urban Consumers: All Items in U.S. City Average (not seasonally-adjusted),,TimeSeriesCsvParser,TRUE,us.svg,https://www.bls.gov/,id=CPIAUCNS,,
US CPI SA,CPIAUCSL,CPIPrintIndex,https://fred.stlouisfed.org/graph/fredgraph.csv,Consumer Price Index for All Urban Consumers: All Items in U.S. City Average (seasonally-adjusted),,TimeSeriesCsvParser,TRUE,us.svg,https://www.bls.gov/,id=CPIAUCSL,,
UK CPI NSA,UKCPI,CPIPrintIndex,https://www.ons.gov.uk/generator,Consumer Price Index: All Items (Harmonized Index of Consumer Prices) for United Kingdom (not seasonally-adjusted),,TimeSeriesCsvParser,TRUE,gb.svg,https://www.ons.gov.uk/economy/inflationandpriceindices/,format=csv,uri=/economy/inflationandpriceindices/timeseries/d7bt/mm23,
UK RPI NSA,UKRPI,CPIPrintIndex,https://www.ons.gov.uk/generator,Consumer Price Index: RPI All Items for United Kingdom (not seasonally-adjusted),,TimeSeriesCsvParser,TRUE,gb.svg,https://www.ons.gov.uk/economy/inflationandpriceindices/,format=csv,uri=/economy/inflationandpriceindices/timeseries/chaw/mm23,
UK CPIH NSA,UKCPIH,CPIPrintIndex,https://www.ons.gov.uk/generator,Consumer Price Index: CPI All Items for United Kingdom including Housing (not seasonally-adjusted),,TimeSeriesCsvParser,TRUE,gb.svg,https://www.ons.gov.uk/economy/inflationandpriceindices/,format=csv,uri=/economy/inflationandpriceindices/timeseries/l522/mm23,
Euro HICPxT NSA,00XTOBEZ19M086NEST,CPIPrintIndex,https://fred.stlouisfed.org/graph/fredgraph.csv,Harmonized Index of Consumer Prices: Overall Index Excluding Tobacco for Euro area (19 countries) (not seasonally-adjusted),,TimeSeriesCsvParser,TRUE,eu.svg,https://ec.europa.eu/eurostat/web/hicp,id=00XTOBEZ19M086NEST,,
DE CPI NSA,DEUCPIALLMINMEI,CPIPrintIndex,https://fred.stlouisfed.org/graph/fredgraph.csv, Consumer Price Index of All Items in Germany (not seasonally-adjusted),,TimeSeriesCsvParser,TRUE,de.svg,https://www.destatis.de/EN/Themes/Economy/Prices/Consumer-Price-Index/_node.html#sprg246430,id=DEUCPIALLMINMEI,,
FRCPIxT NSA,00XTOBFRM086NEST,CPIPrintIndex,https://fred.stlouisfed.org/graph/fredgraph.csv,Harmonized Index of Consumer Prices: Overall Index Excluding Tobacco for France (not seasonally adjusted),,TimeSeriesCsvParser,TRUE,fr.svg,https://ec.europa.eu/eurostat/web/hicp,id=00XTOBFRM086NEST,,
ITFOIxT NSA,00XTOBITM086NEST,CPIPrintIndex,https://fred.stlouisfed.org/graph/fredgraph.csv,Harmonized Index of Consumer Prices: Overall Index Excluding Tobacco for Italy (not seasonally adjusted),,TimeSeriesCsvParser,TRUE,it.svg,https://ec.europa.eu/eurostat/web/hicp,id=00XTOBITM086NEST,,
CAD CPI NSA,CACPINSA,CPIPrintIndex,https://www150.statcan.gc.ca/t1/wds/sdmx/statcan/v1/rest/data/DF_18100004/2.2,"Canada Consumer Price Index, monthly, not seasonally adjusted",,TimeSeriesStatCanXmlParser,TRUE,ca.svg,https://www150.statcan.gc.ca/n1/en/type/data?sourcecode=2301,,,
CAD CPI SA,CACPISA,CPIPrintIndex,https://www150.statcan.gc.ca/t1/wds/sdmx/statcan/v1/rest/data/DF_18100006/1.1,"Canada Consumer Price Index, monthly, seasonally adjusted",,TimeSeriesStatCanXmlParser,TRUE,ca.svg,https://www150.statcan.gc.ca/n1/en/type/data?sourcecode=2301,,,
5Y Breakeven Inflation Rate,T5YIEM,IRSpread,https://fred.stlouisfed.org/graph/fredgraph.csv,5-Year Breakeven Inflation Rate (not seasonally-adjusted),,TimeSeriesCsvParser,TRUE,us.svg,https://www.stlouisfed.org/,id=T5YIEM,,
7Y Breakeven Inflation Rate,T7YIEM,IRSpread,https://fred.stlouisfed.org/graph/fredgraph.csv,7-Year Breakeven Inflation Rate (not seasonally-adjusted),,TimeSeriesCsvParser,TRUE,us.svg,https://www.stlouisfed.org/,id=T7YIEM,,
10Y Breakeven Inflation Rate,T10YIEM,IRSpread,https://fred.stlouisfed.org/graph/fredgraph.csv,10-Year Breakeven Inflation Rate (not seasonally-adjusted),,TimeSeriesCsvParser,TRUE,us.svg,https://www.stlouisfed.org/,id=T10YIEM,,
20Y Breakeven Inflation Rate,T20YIEM,IRSpread,https://fred.stlouisfed.org/graph/fredgraph.csv,20-Year Breakeven Inflation Rate (not seasonally-adjusted),,TimeSeriesCsvParser,TRUE,us.svg,https://www.stlouisfed.org/,id=T20YIEM,,
30Y Breakeven Inflation Rate,T30YIEM,IRSpread,https://fred.stlouisfed.org/graph/fredgraph.csv,30-Year Breakeven Inflation Rate (not seasonally-adjusted),,TimeSeriesCsvParser,TRUE,us.svg,https://www.stlouisfed.org/,id=T30YIEM,,
5Y5Y Fwd Inflation Expectation Rate,T5YIFRM,IRSpread,https://fred.stlouisfed.org/graph/fredgraph.csv,"5-Year, 5-Year Forward Inflation Expectation Rate (not seasonally-adjusted)",,TimeSeriesCsvParser,TRUE,us.svg,https://www.stlouisfed.org/,id=T5YIFRM,,
12M Inflation Expectation Survey,MICH,SurveysOfConsumers,https://fred.stlouisfed.org/graph/fredgraph.csv,University of Michigan: Inflation Expectation,,TimeSeriesCsvParser,TRUE,us.svg,https://www.stlouisfed.org/,id=MICH,,
1Y Expected Inflation,EXPINF1YR,InflationExpectations,https://fred.stlouisfed.org/graph/fredgraph.csv,1-Year Expected Inflation,,TimeSeriesCsvParser,TRUE,us.svg,https://www.clevelandfed.org/,id=EXPINF1YR,,
2Y Expected Inflation,EXPINF2YR,InflationExpectations,https://fred.stlouisfed.org/graph/fredgraph.csv,2-Year Expected Inflation,,TimeSeriesCsvParser,TRUE,us.svg,https://www.clevelandfed.org/,id=EXPINF2YR,,
3Y Expected Inflation,EXPINF3YR,InflationExpectations,https://fred.stlouisfed.org/graph/fredgraph.csv,3-Year Expected Inflation,,TimeSeriesCsvParser,TRUE,us.svg,https://www.clevelandfed.org/,id=EXPINF3YR,,
4Y Expected Inflation,EXPINF4YR,InflationExpectations,https://fred.stlouisfed.org/graph/fredgraph.csv,4-Year Expected Inflation,,TimeSeriesCsvParser,TRUE,us.svg,https://www.clevelandfed.org/,id=EXPINF4YR,,
5Y Expected Inflation,EXPINF5YR,InflationExpectations,https://fred.stlouisfed.org/graph/fredgraph.csv,5-Year Expected Inflation,,TimeSeriesCsvParser,TRUE,us.svg,https://www.clevelandfed.org/,id=EXPINF5YR,,
6Y Expected Inflation,EXPINF6YR,InflationExpectations,https://fred.stlouisfed.org/graph/fredgraph.csv,6-Year Expected Inflation,,TimeSeriesCsvParser,TRUE,us.svg,https://www.clevelandfed.org/,id=EXPINF6YR,,
7Y Expected Inflation,EXPINF7YR,InflationExpectations,https://fred.stlouisfed.org/graph/fredgraph.csv,7-Year Expected Inflation,,TimeSeriesCsvParser,TRUE,us.svg,https://www.clevelandfed.org/,id=EXPINF7YR,,
8Y Expected Inflation,EXPINF8YR,InflationExpectations,https://fred.stlouisfed.org/graph/fredgraph.csv,8-Year Expected Inflation,,TimeSeriesCsvParser,TRUE,us.svg,https://www.clevelandfed.org/,id=EXPINF8YR,,
9Y Expected Inflation,EXPINF9YR,InflationExpectations,https://fred.stlouisfed.org/graph/fredgraph.csv,9-Year Expected Inflation,,TimeSeriesCsvParser,TRUE,us.svg,https://www.clevelandfed.org/,id=EXPINF9YR,,
10Y Expected Inflation,EXPINF10YR,InflationExpectations,https://fred.stlouisfed.org/graph/fredgraph.csv,10-Year Expected Inflation,,TimeSeriesCsvParser,TRUE,us.svg,https://www.clevelandfed.org/,id=EXPINF10YR,,
11Y Expected Inflation,EXPINF11YR,InflationExpectations,https://fred.stlouisfed.org/graph/fredgraph.csv,11-Year Expected Inflation,,TimeSeriesCsvParser,TRUE,us.svg,https://www.clevelandfed.org/,id=EXPINF11YR,,
12Y Expected Inflation,EXPINF12YR,InflationExpectations,https://fred.stlouisfed.org/graph/fredgraph.csv,12-Year Expected Inflation,,TimeSeriesCsvParser,TRUE,us.svg,https://www.clevelandfed.org/,id=EXPINF12YR,,
13Y Expected Inflation,EXPINF13YR,InflationExpectations,https://fred.stlouisfed.org/graph/fredgraph.csv,13-Year Expected Inflation,,TimeSeriesCsvParser,TRUE,us.svg,https://www.clevelandfed.org/,id=EXPINF13YR,,
14Y Expected Inflation,EXPINF14YR,InflationExpectations,https://fred.stlouisfed.org/graph/fredgraph.csv,14-Year Expected Inflation,,TimeSeriesCsvParser,TRUE,us.svg,https://www.clevelandfed.org/,id=EXPINF14YR,,
15Y Expected Inflation,EXPINF15YR,InflationExpectations,https://fred.stlouisfed.org/graph/fredgraph.csv,15-Year Expected Inflation,,TimeSeriesCsvParser,TRUE,us.svg,https://www.clevelandfed.org/,id=EXPINF15YR,,
16Y Expected Inflation,EXPINF16YR,InflationExpectations,https://fred.stlouisfed.org/graph/fredgraph.csv,16-Year Expected Inflation,,TimeSeriesCsvParser,TRUE,us.svg,https://www.clevelandfed.org/,id=EXPINF16YR,,
17Y Expected Inflation,EXPINF17YR,InflationExpectations,https://fred.stlouisfed.org/graph/fredgraph.csv,17-Year Expected Inflation,,TimeSeriesCsvParser,TRUE,us.svg,https://www.clevelandfed.org/,id=EXPINF17YR,,
18Y Expected Inflation,EXPINF18YR,InflationExpectations,https://fred.stlouisfed.org/graph/fredgraph.csv,18-Year Expected Inflation,,TimeSeriesCsvParser,TRUE,us.svg,https://www.clevelandfed.org/,id=EXPINF18YR,,
19Y Expected Inflation,EXPINF19YR,InflationExpectations,https://fred.stlouisfed.org/graph/fredgraph.csv,19-Year Expected Inflation,,TimeSeriesCsvParser,TRUE,us.svg,https://www.clevelandfed.org/,id=EXPINF19YR,,
20Y Expected Inflation,EXPINF20YR,InflationExpectations,https://fred.stlouisfed.org/graph/fredgraph.csv,20-Year Expected Inflation,,TimeSeriesCsvParser,TRUE,us.svg,https://www.clevelandfed.org/,id=EXPINF20YR,,
21Y Expected Inflation,EXPINF21YR,InflationExpectations,https://fred.stlouisfed.org/graph/fredgraph.csv,21-Year Expected Inflation,,TimeSeriesCsvParser,TRUE,us.svg,https://www.clevelandfed.org/,id=EXPINF21YR,,
22Y Expected Inflation,EXPINF22YR,InflationExpectations,https://fred.stlouisfed.org/graph/fredgraph.csv,22-Year Expected Inflation,,TimeSeriesCsvParser,TRUE,us.svg,https://www.clevelandfed.org/,id=EXPINF22YR,,
23Y Expected Inflation,EXPINF23YR,InflationExpectations,https://fred.stlouisfed.org/graph/fredgraph.csv,23-Year Expected Inflation,,TimeSeriesCsvParser,TRUE,us.svg,https://www.clevelandfed.org/,id=EXPINF23YR,,
24Y Expected Inflation,EXPINF24YR,InflationExpectations,https://fred.stlouisfed.org/graph/fredgraph.csv,24-Year Expected Inflation,,TimeSeriesCsvParser,TRUE,us.svg,https://www.clevelandfed.org/,id=EXPINF24YR,,
25Y Expected Inflation,EXPINF25YR,InflationExpectations,https://fred.stlouisfed.org/graph/fredgraph.csv,25-Year Expected Inflation,,TimeSeriesCsvParser,TRUE,us.svg,https://www.clevelandfed.org/,id=EXPINF25YR,,
26Y Expected Inflation,EXPINF26YR,InflationExpectations,https://fred.stlouisfed.org/graph/fredgraph.csv,26-Year Expected Inflation,,TimeSeriesCsvParser,TRUE,us.svg,https://www.clevelandfed.org/,id=EXPINF26YR,,
27Y Expected Inflation,EXPINF27YR,InflationExpectations,https://fred.stlouisfed.org/graph/fredgraph.csv,27-Year Expected Inflation,,TimeSeriesCsvParser,TRUE,us.svg,https://www.clevelandfed.org/,id=EXPINF27YR,,
28Y Expected Inflation,EXPINF28YR,InflationExpectations,https://fred.stlouisfed.org/graph/fredgraph.csv,28-Year Expected Inflation,,TimeSeriesCsvParser,TRUE,us.svg,https://www.clevelandfed.org/,id=EXPINF28YR,,
29Y Expected Inflation,EXPINF29YR,InflationExpectations,https://fred.stlouisfed.org/graph/fredgraph.csv,29-Year Expected Inflation,,TimeSeriesCsvParser,TRUE,us.svg,https://www.clevelandfed.org/,id=EXPINF29YR,,
30Y Expected Inflation,EXPINF30YR,InflationExpectations,https://fred.stlouisfed.org/graph/fredgraph.csv,30-Year Expected Inflation,,TimeSeriesCsvParser,TRUE,us.svg,https://www.clevelandfed.org/,id=EXPINF30YR,,
Real Risk Premium,TENEXPCHAREARISPRE,RiskPremium,https://fred.stlouisfed.org/graph/fredgraph.csv,Real Risk Premium,,TimeSeriesCsvParser,TRUE,us.svg,https://www.clevelandfed.org/,id=TENEXPCHAREARISPRE,,
Inflation Risk Premium,TENEXPCHAINFRISPRE,RiskPremium,https://fred.stlouisfed.org/graph/fredgraph.csv,Inflation Risk Premium,,TimeSeriesCsvParser,TRUE,us.svg,https://www.clevelandfed.org/,id=TENEXPCHAINFRISPRE,,
5Y TIPS Yield (intraday),US5YTIPS,Yield,https://ts-api.cnbc.com/harmony/app/charts/1D.json,US 5-Year TIPS Yield (1min close),,TimeSeriesCnbcIntradayCloseParser,TRUE,,https://www.cnbc.com/quotes/US5YTIPS,symbol=US5YTIPS,,
10Y TIPS Yield (intraday),US10YTIPS,Yield,https://ts-api.cnbc.com/harmony/app/charts/1D.json,US 10-Year TIPS Yield (1min close),,TimeSeriesCnbcIntradayCloseParser,TRUE,,https://www.cnbc.com/quotes/US5YTIPS,symbol=US10YTIPS,,
30Y TIPS Yield (intraday),US30YTIPS,Yield,https://ts-api.cnbc.com/harmony/app/charts/1D.json,US 30-Year TIPS Yield (1min close),,TimeSeriesCnbcIntradayCloseParser,TRUE,,https://www.cnbc.com/quotes/US5YTIPS,symbol=US30YTIPS,,
"5Y TIPS Yield (daily, 1Y)",US5YTIPS,Yield,https://ts-api.cnbc.com/harmony/app/charts/1Y.json,US 5-Year TIPS Yield (daily close),,TimeSeriesCnbcJsonParser,TRUE,,https://www.cnbc.com/quotes/US5YTIPS,symbol=US5YTIPS,,
"10Y TIPS Yield (daily, 1Y)",US10YTIPS,Yield,https://ts-api.cnbc.com/harmony/app/charts/1Y.json,US 10-Year TIPS Yield (daily close),,TimeSeriesCnbcJsonParser,TRUE,,https://www.cnbc.com/quotes/US5YTIPS,symbol=US10YTIPS,,
"20Y TIPS Yield (daily, 1Y)",US20YTIPS,Yield,https://ts-api.cnbc.com/harmony/app/charts/1Y.json,US 20-Year TIPS Yield (daily close),,TimeSeriesCnbcJsonParser,TRUE,,https://www.cnbc.com/quotes/US5YTIPS,symbol=US20YTIPS,,
"30Y TIPS Yield (daily, 1Y)",US30YTIPS,Yield,https://ts-api.cnbc.com/harmony/app/charts/1Y.json,US 30-Year TIPS Yield (daily close),,TimeSeriesCnbcJsonParser,TRUE,,https://www.cnbc.com/quotes/US5YTIPS,symbol=US30YTIPS,,
"5Y TIPS Yield (weekly, 5Y)",US5YTIPS,Yield,https://ts-api.cnbc.com/harmony/app/charts/5Y.json,US 5-Year TIPS Yield (weekly close),,TimeSeriesCnbcJsonParser,TRUE,,https://www.cnbc.com/quotes/US5YTIPS,symbol=US5YTIPS,,
"10Y TIPS Yield (weekly, 5Y)",US10YTIPS,Yield,https://ts-api.cnbc.com/harmony/app/charts/5Y.json,US 10-Year TIPS Yield (weekly close),,TimeSeriesCnbcJsonParser,TRUE,,https://www.cnbc.com/quotes/US5YTIPS,symbol=US10YTIPS,,
"30Y TIPS Yield (weekly, 5Y)",US30YTIPS,Yield,https://ts-api.cnbc.com/harmony/app/charts/5Y.json,US 30-Year TIPS Yield (weekly close),,TimeSeriesCnbcJsonParser,TRUE,,https://www.cnbc.com/quotes/US5YTIPS,symbol=US30YTIPS,,
"5Y TIPS Yield (quarterly, All)",US5YTIPS,Yield,https://ts-api.cnbc.com/harmony/app/charts/ALL.json,US 5-Year TIPS Yield (quarterly close),,TimeSeriesCnbcJsonParser,TRUE,,https://www.cnbc.com/quotes/US5YTIPS,symbol=US5YTIPS,,
"10Y TIPS Yield (quarterly, All)",US10YTIPS,Yield,https://ts-api.cnbc.com/harmony/app/charts/ALL.json,US 10-Year TIPS Yield (quarterly close),,TimeSeriesCnbcJsonParser,TRUE,,https://www.cnbc.com/quotes/US5YTIPS,symbol=US10YTIPS,,
"30Y TIPS Yield (quarterly, All)",US30YTIPS,Yield,https://ts-api.cnbc.com/harmony/app/charts/ALL.json,US 30-Year TIPS Yield (quarterly close),,TimeSeriesCnbcJsonParser,TRUE,,https://www.cnbc.com/quotes/US5YTIPS,symbol=US30YTIPS,,
5Y TIPS Const Maturity YTM,DFII5,Yield,https://fred.stlouisfed.org/graph/fredgraph.csv,"Market Yield on U.S. Treasury Securities at 5-Year Constant Maturity, Quoted on an Investment Basis, Inflation-Indexed",,TimeSeriesCsvParser,TRUE,us.svg,https://www.federalreserve.gov/,id=DFII5,,
7Y TIPS Const Maturity YTM,DFII7,Yield,https://fred.stlouisfed.org/graph/fredgraph.csv,"Market Yield on U.S. Treasury Securities at 7-Year Constant Maturity, Quoted on an Investment Basis, Inflation-Indexed",,TimeSeriesCsvParser,TRUE,us.svg,https://www.federalreserve.gov/,id=DFII7,,
10Y TIPS Const Maturity YTM,DFII10,Yield,https://fred.stlouisfed.org/graph/fredgraph.csv,"Market Yield on U.S. Treasury Securities at 10-Year Constant Maturity, Quoted on an Investment Basis, Inflation-Indexed",,TimeSeriesCsvParser,TRUE,us.svg,https://www.federalreserve.gov/,id=DFII10,,
20Y TIPS Const Maturity YTM,DFII20,Yield,https://fred.stlouisfed.org/graph/fredgraph.csv,"Market Yield on U.S. Treasury Securities at 20-Year Constant Maturity, Quoted on an Investment Basis, Inflation-Indexed",,TimeSeriesCsvParser,TRUE,us.svg,https://www.federalreserve.gov/,id=DFII20,,
30Y TIPS Const Maturity YTM,DFII30,Yield,https://fred.stlouisfed.org/graph/fredgraph.csv,"Market Yield on U.S. Treasury Securities at 30-Year Constant Maturity, Quoted on an Investment Basis, Inflation-Indexed",,TimeSeriesCsvParser,TRUE,us.svg,https://www.federalreserve.gov/,id=DFII30,,
10Y+ TIPS Avg Bid Yield,DLTIIT,Yield,https://fred.stlouisfed.org/graph/fredgraph.csv,"Treasury Long-Term Average (Over 10 Years), Inflation-Indexed",,TimeSeriesCsvParser,TRUE,us.svg,https://www.federalreserve.gov/,id=DLTIIT,,
4W US T-Bill Secondary Mkt,DTB4WK,Yield,https://fred.stlouisfed.org/graph/fredgraph.csv,"4-Week Treasury Bill Secondary Market Rate, Discount Basis",,TimeSeriesCsvParser,TRUE,us.svg,https://www.federalreserve.gov/,id=DTB4WK,,
3M US T-Bill Secondary Mkt,DTB3,Yield,https://fred.stlouisfed.org/graph/fredgraph.csv,"3-MonthTreasury Bill Secondary Market Rate, Discount Basis",,TimeSeriesCsvParser,TRUE,us.svg,https://www.federalreserve.gov/,id=DTB3,,
6M US T-Bill Secondary Mkt,DTB6,Yield,https://fred.stlouisfed.org/graph/fredgraph.csv,"6-Month Treasury Bill Secondary Market Rate, Discount Basis",,TimeSeriesCsvParser,TRUE,us.svg,https://www.federalreserve.gov/,id=DTB6,,
1Y US T-Bill Secondary Mkt,DTB1YR,Yield,https://fred.stlouisfed.org/graph/fredgraph.csv,"1-Year Treasury Bill Secondary Market Rate, Discount Basis",,TimeSeriesCsvParser,TRUE,us.svg,https://www.federalreserve.gov/,id=DTB1YR,,
WSJ US Treasury Yields (intraday),WSJ_UST_Yields,Yield,https://www.wsj.com/market-data/bonds,US Treasury intraday data (WSJ),,IntradayUSTQuoteWsjParser,FALSE,,https://www.wsj.com/market-data/bonds,id=%7B%22application%22%3A%22WSJ%22%2C%22instruments%22%3A%5B%7B%22symbol%22%3A%22BOND%2FBX%2F%2FTMUBMUSD30Y%22%2C%22name%22%3A%2230-Year%20Bond%22%7D%2C%7B%22symbol%22%3A%22BOND%2FBX%2F%2FTMUBMUSD10Y%22%2C%22name%22%3A%2210-Year%20Note%22%7D%2C%7B%22symbol%22%3A%22BOND%2FBX%2F%2FTMUBMUSD07Y%22%2C%22name%22%3A%227-Year%20Note%22%7D%2C%7B%22symbol%22%3A%22BOND%2FBX%2F%2FTMUBMUSD05Y%22%2C%22name%22%3A%225-Year%20Note%22%7D%2C%7B%22symbol%22%3A%22BOND%2FBX%2F%2FTMUBMUSD03Y%22%2C%22name%22%3A%223-Year%20Note%22%7D%2C%7B%22symbol%22%3A%22BOND%2FBX%2F%2FTMUBMUSD02Y%22%2C%22name%22%3A%222-Year%20Note%22%7D%2C%7B%22symbol%22%3A%22BOND%2FBX%2F%2FTMUBMUSD01Y%22%2C%22name%22%3A%221-Year%20Bill%22%7D%2C%7B%22symbol%22%3A%22BOND%2FBX%2F%2FTMUBMUSD06M%22%2C%22name%22%3A%226-Month%20Bill%22%7D%2C%7B%22symbol%22%3A%22BOND%2FBX%2F%2FTMUBMUSD03M%22%2C%22name%22%3A%223-Month%20Bill%22%7D%2C%7B%22symbol%22%3A%22BOND%2FBX%2F%2FTMUBMUSD01M%22%2C%22name%22%3A%221-Month%20Bill%22%7D%5D%7D,type=mdc_quotes,user-agent:Chrome/104.0.0.0
TW UST Const Maturity YTM (EOD),TW_UST_Yields,Yield,https://reports2.tradeweb.com/closing-prices/cmt-rates/public/,TradeWeb Constant Maturity Treasury Rates,,TwHtmlUSTYieldParser,FALSE,,https://www.tradeweb.com/our-markets/institutional/rates/constant-maturity-treasury-rates/,,,
CME 2Y UST Futures (intraday),ZT,Futures,https://www.cmegroup.com/CmeWS/mvc/Quotes/Future/303/G,CME 2Y US Treasury Note Futures,,CmeFuturesQuoteJsonParser,FALSE,,https://www.cmegroup.com/markets/interest-rates/us-treasury/2-year-us-treasury-note.quotes.html,,,user-agent:Chrome/105.0.0.0
CME 3Y UST Futures (intraday),Z3N,Futures,https://www.cmegroup.com/CmeWS/mvc/Quotes/Future/2666/G,CME 3Y US Treasury Note Futures,,CmeFuturesQuoteJsonParser,FALSE,,https://www.cmegroup.com/markets/interest-rates/us-treasury/3-year-us-treasury-note.quotes.html,,,user-agent:Chrome/105.0.0.0
CME 5Y UST Futures (intraday),ZF,Futures,https://www.cmegroup.com/CmeWS/mvc/Quotes/Future/329/G,CME 5Y US Treasury Note Futures,,CmeFuturesQuoteJsonParser,FALSE,,https://www.cmegroup.com/markets/interest-rates/us-treasury/5-year-us-treasury-note.quotes.html,,,user-agent:Chrome/105.0.0.0
CME 10Y UST Futures (intraday),Z2,Futures,https://www.cmegroup.com/CmeWS/mvc/Quotes/Future/316/G,CME 10Y US Treasury Note Futures,,CmeFuturesQuoteJsonParser,FALSE,,https://www.cmegroup.com/markets/interest-rates/us-treasury/10-year-us-treasury-note.quotes.html,,,user-agent:Chrome/105.0.0.0
CME Ultra-10Y UST Futures (intraday),TN,Futures,https://www.cmegroup.com/CmeWS/mvc/Quotes/Future/7978/G,CME Ultra-10Y US Treasury Note Futures,,CmeFuturesQuoteJsonParser,FALSE,,https://www.cmegroup.com/markets/interest-rates/us-treasury/ultra-us-treasury-note.quotes.html,,,user-agent:Chrome/105.0.0.0
CME 20Y UST Futures (intraday),TWE,Futures,https://www.cmegroup.com/CmeWS/mvc/Quotes/Future/10072/G,CME 20Y US Treasury Note Futures,,CmeFuturesQuoteJsonParser,FALSE,,https://www.cmegroup.com/markets/interest-rates/us-treasury/20-year-us-treasury-bond.quotes.html,,,user-agent:Chrome/105.0.0.0
CME 30Y UST Futures (intraday),ZB,Futures,https://www.cmegroup.com/CmeWS/mvc/Quotes/Future/307/G,CME 30Y US Treasury Note Futures,,CmeFuturesQuoteJsonParser,FALSE,,https://www.cmegroup.com/markets/interest-rates/us-treasury/30-year-us-treasury-bond.quotes.html,,,user-agent:Chrome/105.0.0.0
CME Ultra-30Y UST Futures (intraday),UB,Futures,https://www.cmegroup.com/CmeWS/mvc/Quotes/Future/3141/G,CME Ultra-30Y US Treasury Note Futures,,CmeFuturesQuoteJsonParser,FALSE,,https://www.cmegroup.com/markets/interest-rates/us-treasury/ultra-us-treasury-bond.quotes.html,,,user-agent:Chrome/105.0.0.0
CME 2Y Micro-yield Futures (intraday),2YY,Futures,https://www.cmegroup.com/CmeWS/mvc/Quotes/Future/10048/G,Micro 2Y Yield Futures,,CmeFuturesQuoteJsonParser,FALSE,,https://www.cmegroup.com/markets/interest-rates/us-treasury/micro-2-year-yield.quotes.html,,,user-agent:Chrome/105.0.0.0
CME 5Y Micro-yield Futures (intraday),5YY,Futures,https://www.cmegroup.com/CmeWS/mvc/Quotes/Future/10049/G,Micro 5Y Yield Futures,,CmeFuturesQuoteJsonParser,FALSE,,https://www.cmegroup.com/markets/interest-rates/us-treasury/micro-5-year-yield.quotes.html,,,user-agent:Chrome/105.0.0.0
CME 10Y Micro-yield Futures (intraday),10Y,Futures,https://www.cmegroup.com/CmeWS/mvc/Quotes/Future/10050/G,Micro 10Y Yield Futures,,CmeFuturesQuoteJsonParser,FALSE,,https://www.cmegroup.com/markets/interest-rates/us-treasury/micro-10-year-yield.quotes.html,,,user-agent:Chrome/105.0.0.0
CME 30Y Micro-yield Futures (intraday),30Y,Futures,https://www.cmegroup.com/CmeWS/mvc/Quotes/Future/10051/G,Micro 30Y Yield Futures,,CmeFuturesQuoteJsonParser,FALSE,,https://www.cmegroup.com/markets/interest-rates/us-treasury/micro-30-year-yield.quotes.html,,,user-agent:Chrome/105.0.0.0
YF US Treasury Yields (intraday),YF_UST_Yields,Yield,https://query1.finance.yahoo.com/v7/finance/quote,US Treasury Bond Rates,,YahooQuoteJsonParser,FALSE,,https://finance.yahoo.com/bonds?.tsrc=fin-srch,"symbols=%5EIRX,%5EFVX,%5ETNX,%5ETYX",,user-agent:Chrome/105.0.0.0
YF Micro-yield Futures (intraday),YF_Micro_yield_futures,Futures,https://query1.finance.yahoo.com/v7/finance/quote,US Treasury Micro-yield Futures,,YahooQuoteJsonParser,FALSE,,https://finance.yahoo.com/commodities?.tsrc=fin-srch,"symbols=2YY=F,5YY=F,10Y=F,30Y=F",,user-agent:Chrome/105.0.0.0
1M US Treasury Yield (intraday),US1M,Yield,https://ts-api.cnbc.com/harmony/app/charts/1D.json,US 1M Treasury Yield (1min close),,TimeSeriesCnbcIntradayCloseParser,TRUE,,https://www.cnbc.com/quotes/US5YTIPS,symbol=US1M,,
3M US Treasury Yield (intraday),US3M,Yield,https://ts-api.cnbc.com/harmony/app/charts/1D.json,US 3M Treasury Yield (1min close),,TimeSeriesCnbcIntradayCloseParser,TRUE,,https://www.cnbc.com/quotes/US5YTIPS,symbol=US3M,,
6M US Treasury Yield (intraday),US6M,Yield,https://ts-api.cnbc.com/harmony/app/charts/1D.json,US 6M Treasury Yield (1min close),,TimeSeriesCnbcIntradayCloseParser,TRUE,,https://www.cnbc.com/quotes/US5YTIPS,symbol=US6M,,
1Y US Treasury Yield (intraday),US1Y,Yield,https://ts-api.cnbc.com/harmony/app/charts/1D.json,US 1Y Treasury Yield (1min close),,TimeSeriesCnbcIntradayCloseParser,TRUE,,https://www.cnbc.com/quotes/US5YTIPS,symbol=US1Y,,
2Y US Treasury Yield (intraday),US2Y,Yield,https://ts-api.cnbc.com/harmony/app/charts/1D.json,US 2Y Treasury Yield (1min close),,TimeSeriesCnbcIntradayCloseParser,TRUE,,https://www.cnbc.com/quotes/US5YTIPS,symbol=US2Y,,
3Y US Treasury Yield (intraday),US3Y,Yield,https://ts-api.cnbc.com/harmony/app/charts/1D.json,US 3Y Treasury Yield (1min close),,TimeSeriesCnbcIntradayCloseParser,TRUE,,https://www.cnbc.com/quotes/US5YTIPS,symbol=US3Y,,
5Y US Treasury Yield (intraday),US5Y,Yield,https://ts-api.cnbc.com/harmony/app/charts/1D.json,US 5Y Treasury Yield (1min close),,TimeSeriesCnbcIntradayCloseParser,TRUE,,https://www.cnbc.com/quotes/US5YTIPS,symbol=US5Y,,
7Y US Treasury Yield (intraday),US7Y,Yield,https://ts-api.cnbc.com/harmony/app/charts/1D.json,US 7Y Treasury Yield (1min close),,TimeSeriesCnbcIntradayCloseParser,TRUE,,https://www.cnbc.com/quotes/US5YTIPS,symbol=US7Y,,
10Y US Treasury Yield (intraday),US10Y,Yield,https://ts-api.cnbc.com/harmony/app/charts/1D.json,US 10Y Treasury Yield (1min close),,TimeSeriesCnbcIntradayCloseParser,TRUE,,https://www.cnbc.com/quotes/US5YTIPS,symbol=US10Y,,
20Y US Treasury Yield (intraday),US20Y,Yield,https://ts-api.cnbc.com/harmony/app/charts/1D.json,US 20Y Treasury Yield (1min close),,TimeSeriesCnbcIntradayCloseParser,TRUE,,https://www.cnbc.com/quotes/US5YTIPS,symbol=US20Y,,
30Y US Treasury Yield (intraday),US30Y,Yield,https://ts-api.cnbc.com/harmony/app/charts/1D.json,US 30Y Treasury Yield (1min close),,TimeSeriesCnbcIntradayCloseParser,TRUE,,https://www.cnbc.com/quotes/US5YTIPS,symbol=US30Y,,
"1M US Treasury Yield (daily, 1Y)",US1M,Yield,https://ts-api.cnbc.com/harmony/app/charts/1Y.json,US 1M Treasury Yield (daily close),,TimeSeriesCnbcJsonParser,TRUE,,https://www.cnbc.com/quotes/US5YTIPS,symbol=US1M,,
"3M US Treasury Yield (daily, 1Y)",US3M,Yield,https://ts-api.cnbc.com/harmony/app/charts/1Y.json,US 3M Treasury Yield (daily close),,TimeSeriesCnbcJsonParser,TRUE,,https://www.cnbc.com/quotes/US5YTIPS,symbol=US3M,,
"6M US Treasury Yield (daily, 1Y)",US6M,Yield,https://ts-api.cnbc.com/harmony/app/charts/1Y.json,US 6M Treasury Yield (daily close),,TimeSeriesCnbcJsonParser,TRUE,,https://www.cnbc.com/quotes/US5YTIPS,symbol=US6M,,
"1Y US Treasury Yield (daily, 1Y)",US1Y,Yield,https://ts-api.cnbc.com/harmony/app/charts/1Y.json,US 1Y Treasury Yield (daily close),,TimeSeriesCnbcJsonParser,TRUE,,https://www.cnbc.com/quotes/US5YTIPS,symbol=US1Y,,
"2Y US Treasury Yield (daily, 1Y)",US2Y,Yield,https://ts-api.cnbc.com/harmony/app/charts/1Y.json,US 2Y Treasury Yield (daily close),,TimeSeriesCnbcJsonParser,TRUE,,https://www.cnbc.com/quotes/US5YTIPS,symbol=US2Y,,
"3Y US Treasury Yield (daily, 1Y)",US3Y,Yield,https://ts-api.cnbc.com/harmony/app/charts/1Y.json,US 3Y Treasury Yield (daily close),,TimeSeriesCnbcJsonParser,TRUE,,https://www.cnbc.com/quotes/US5YTIPS,symbol=US3Y,,
"5Y US Treasury Yield (daily, 1Y)",US5Y,Yield,https://ts-api.cnbc.com/harmony/app/charts/1Y.json,US 5Y Treasury Yield (daily close),,TimeSeriesCnbcJsonParser,TRUE,,https://www.cnbc.com/quotes/US5YTIPS,symbol=US5Y,,
"7Y US Treasury Yield (daily, 1Y)",US7Y,Yield,https://ts-api.cnbc.com/harmony/app/charts/1Y.json,US 7Y Treasury Yield (daily close),,TimeSeriesCnbcJsonParser,TRUE,,https://www.cnbc.com/quotes/US5YTIPS,symbol=US7Y,,
"10Y US Treasury Yield (daily, 1Y)",US10Y,Yield,https://ts-api.cnbc.com/harmony/app/charts/1Y.json,US 10Y Treasury Yield (daily close),,TimeSeriesCnbcJsonParser,TRUE,,https://www.cnbc.com/quotes/US5YTIPS,symbol=US10Y,,
"20Y US Treasury Yield (daily, 1Y)",US20Y,Yield,https://ts-api.cnbc.com/harmony/app/charts/1Y.json,US 20Y Treasury Yield (daily close),,TimeSeriesCnbcJsonParser,TRUE,,https://www.cnbc.com/quotes/US5YTIPS,symbol=US20Y,,
"30Y US Treasury Yield (daily, 1Y)",US30Y,Yield,https://ts-api.cnbc.com/harmony/app/charts/1Y.json,US 30Y Treasury Yield (daily close),,TimeSeriesCnbcJsonParser,TRUE,,https://www.cnbc.com/quotes/US5YTIPS,symbol=US30Y,,
"1M US Treasury Yield (weekly, 5Y)",US1M,Yield,https://ts-api.cnbc.com/harmony/app/charts/5Y.json,US 1M Treasury Yield (weekly close),,TimeSeriesCnbcJsonParser,TRUE,,https://www.cnbc.com/quotes/US5YTIPS,symbol=US1M,,
"3M US Treasury Yield (weekly, 5Y)",US3M,Yield,https://ts-api.cnbc.com/harmony/app/charts/5Y.json,US 3M Treasury Yield (weekly close),,TimeSeriesCnbcJsonParser,TRUE,,https://www.cnbc.com/quotes/US5YTIPS,symbol=US3M,,
"6M US Treasury Yield (weekly, 5Y)",US6M,Yield,https://ts-api.cnbc.com/harmony/app/charts/5Y.json,US 6M Treasury Yield (weekly close),,TimeSeriesCnbcJsonParser,TRUE,,https://www.cnbc.com/quotes/US5YTIPS,symbol=US6M,,
"1Y US Treasury Yield (weekly, 5Y)",US1Y,Yield,https://ts-api.cnbc.com/harmony/app/charts/5Y.json,US 1Y Treasury Yield (weekly close),,TimeSeriesCnbcJsonParser,TRUE,,https://www.cnbc.com/quotes/US5YTIPS,symbol=US1Y,,
"2Y US Treasury Yield (weekly, 5Y)",US2Y,Yield,https://ts-api.cnbc.com/harmony/app/charts/5Y.json,US 2Y Treasury Yield (weekly close),,TimeSeriesCnbcJsonParser,TRUE,,https://www.cnbc.com/quotes/US5YTIPS,symbol=US2Y,,
"3Y US Treasury Yield (weekly, 5Y)",US3Y,Yield,https://ts-api.cnbc.com/harmony/app/charts/5Y.json,US 3Y Treasury Yield (weekly close),,TimeSeriesCnbcJsonParser,TRUE,,https://www.cnbc.com/quotes/US5YTIPS,symbol=US3Y,,
"5Y US Treasury Yield (weekly, 5Y)",US5Y,Yield,https://ts-api.cnbc.com/harmony/app/charts/5Y.json,US 5Y Treasury Yield (weekly close),,TimeSeriesCnbcJsonParser,TRUE,,https://www.cnbc.com/quotes/US5YTIPS,symbol=US5Y,,
"7Y US Treasury Yield (weekly, 5Y)",US7Y,Yield,https://ts-api.cnbc.com/harmony/app/charts/5Y.json,US 7Y Treasury Yield (weekly close),,TimeSeriesCnbcJsonParser,TRUE,,https://www.cnbc.com/quotes/US5YTIPS,symbol=US7Y,,
"10Y US Treasury Yield (weekly, 5Y)",US10Y,Yield,https://ts-api.cnbc.com/harmony/app/charts/5Y.json,US 10Y Treasury Yield (weekly close),,TimeSeriesCnbcJsonParser,TRUE,,https://www.cnbc.com/quotes/US5YTIPS,symbol=US10Y,,
"20Y US Treasury Yield (weekly, 5Y)",US20Y,Yield,https://ts-api.cnbc.com/harmony/app/charts/5Y.json,US 20Y Treasury Yield (weekly close),,TimeSeriesCnbcJsonParser,TRUE,,https://www.cnbc.com/quotes/US5YTIPS,symbol=US20Y,,
"30Y US Treasury Yield (weekly, 5Y)",US30Y,Yield,https://ts-api.cnbc.com/harmony/app/charts/5Y.json,US 30Y Treasury Yield (weekly close),,TimeSeriesCnbcJsonParser,TRUE,,https://www.cnbc.com/quotes/US5YTIPS,symbol=US30Y,,
"1M US Treasury Yield (quarterly, All)",US1M,Yield,https://ts-api.cnbc.com/harmony/app/charts/ALL.json,US 1M Treasury Yield (quarterly close),,TimeSeriesCnbcJsonParser,TRUE,,https://www.cnbc.com/quotes/US5YTIPS,symbol=US1M,,
"3M US Treasury Yield (quarterly, All)",US3M,Yield,https://ts-api.cnbc.com/harmony/app/charts/ALL.json,US 3M Treasury Yield (quarterly close),,TimeSeriesCnbcJsonParser,TRUE,,https://www.cnbc.com/quotes/US5YTIPS,symbol=US3M,,
"6M US Treasury Yield (quarterly, All)",US6M,Yield,https://ts-api.cnbc.com/harmony/app/charts/ALL.json,US 6M Treasury Yield (quarterly close),,TimeSeriesCnbcJsonParser,TRUE,,https://www.cnbc.com/quotes/US5YTIPS,symbol=US6M,,
"1Y US Treasury Yield (quarterly, All)",US1Y,Yield,https://ts-api.cnbc.com/harmony/app/charts/ALL.json,US 1Y Treasury Yield (quarterly close),,TimeSeriesCnbcJsonParser,TRUE,,https://www.cnbc.com/quotes/US5YTIPS,symbol=US1Y,,
"2Y US Treasury Yield (quarterly, All)",US2Y,Yield,https://ts-api.cnbc.com/harmony/app/charts/ALL.json,US 2Y Treasury Yield (quarterly close),,TimeSeriesCnbcJsonParser,TRUE,,https://www.cnbc.com/quotes/US5YTIPS,symbol=US2Y,,
"3Y US Treasury Yield (quarterly, All)",US3Y,Yield,https://ts-api.cnbc.com/harmony/app/charts/ALL.json,US 3Y Treasury Yield (quarterly close),,TimeSeriesCnbcJsonParser,TRUE,,https://www.cnbc.com/quotes/US5YTIPS,symbol=US3Y,,
"5Y US Treasury Yield (quarterly, All)",US5Y,Yield,https://ts-api.cnbc.com/harmony/app/charts/ALL.json,US 5Y Treasury Yield (quarterly close),,TimeSeriesCnbcJsonParser,TRUE,,https://www.cnbc.com/quotes/US5YTIPS,symbol=US5Y,,
"7Y US Treasury Yield (quarterly, All)",US7Y,Yield,https://ts-api.cnbc.com/harmony/app/charts/ALL.json,US 7Y Treasury Yield (quarterly close),,TimeSeriesCnbcJsonParser,TRUE,,https://www.cnbc.com/quotes/US5YTIPS,symbol=US7Y,,
"10Y US Treasury Yield (quarterly, All)",US10Y,Yield,https://ts-api.cnbc.com/harmony/app/charts/ALL.json,US 10Y Treasury Yield (quarterly close),,TimeSeriesCnbcJsonParser,TRUE,,https://www.cnbc.com/quotes/US5YTIPS,symbol=US10Y,,
"20Y US Treasury Yield (quarterly, All)",US20Y,Yield,https://ts-api.cnbc.com/harmony/app/charts/ALL.json,US 20Y Treasury Yield (quarterly close),,TimeSeriesCnbcJsonParser,TRUE,,https://www.cnbc.com/quotes/US5YTIPS,symbol=US20Y,,
"30Y US Treasury Yield (quarterly, All)",US30Y,Yield,https://ts-api.cnbc.com/harmony/app/charts/ALL.json,US 30Y Treasury Yield (quarterly close),,TimeSeriesCnbcJsonParser,TRUE,,https://www.cnbc.com/quotes/US5YTIPS,symbol=US30Y,,
"3M UK Gilt Yield (daily, 1Y)",GB3M-GB,Yield,https://ts-api.cnbc.com/harmony/app/charts/1Y.json,UK 3M Gilt Yield (daily close),,TimeSeriesCnbcJsonParser,TRUE,,https://www.cnbc.com/quotes/US5YTIPS,symbol=GB3M-GB,,
"6M UK Gilt Yield (daily, 1Y)",GB6M-GB,Yield,https://ts-api.cnbc.com/harmony/app/charts/1Y.json,UK 6M Gilt Yield (daily close),,TimeSeriesCnbcJsonParser,TRUE,,https://www.cnbc.com/quotes/US5YTIPS,symbol=GB6M-GB,,
"1Y UK Gilt Yield (daily, 1Y)",GB1Y-GB,Yield,https://ts-api.cnbc.com/harmony/app/charts/1Y.json,UK 1Y Gilt Yield (daily close),,TimeSeriesCnbcJsonParser,TRUE,,https://www.cnbc.com/quotes/US5YTIPS,symbol=GB1Y-GB,,
"2Y UK Gilt Yield (daily, 1Y)",GB2Y-GB,Yield,https://ts-api.cnbc.com/harmony/app/charts/1Y.json,UK 2Y Gilt Yield (daily close),,TimeSeriesCnbcJsonParser,TRUE,,https://www.cnbc.com/quotes/US5YTIPS,symbol=GB2Y-GB,,
"3Y UK Gilt Yield (daily, 1Y)",GB3Y-GB,Yield,https://ts-api.cnbc.com/harmony/app/charts/1Y.json,UK 3Y Gilt Yield (daily close),,TimeSeriesCnbcJsonParser,TRUE,,https://www.cnbc.com/quotes/US5YTIPS,symbol=GB3Y-GB,,
"4Y UK Gilt Yield (daily, 1Y)",GB4Y-GB,Yield,https://ts-api.cnbc.com/harmony/app/charts/1Y.json,UK 4Y Gilt Yield (daily close),,TimeSeriesCnbcJsonParser,TRUE,,https://www.cnbc.com/quotes/US5YTIPS,symbol=GB4Y-GB,,
"5Y UK Gilt Yield (daily, 1Y)",GB5Y-GB,Yield,https://ts-api.cnbc.com/harmony/app/charts/1Y.json,UK 5Y Gilt Yield (daily close),,TimeSeriesCnbcJsonParser,TRUE,,https://www.cnbc.com/quotes/US5YTIPS,symbol=GB5Y-GB,,
"6Y UK Gilt Yield (daily, 1Y)",GB6Y-GB,Yield,https://ts-api.cnbc.com/harmony/app/charts/1Y.json,UK 6Y Gilt Yield (daily close),,TimeSeriesCnbcJsonParser,TRUE,,https://www.cnbc.com/quotes/US5YTIPS,symbol=GB6Y-GB,,
"7Y UK Gilt Yield (daily, 1Y)",GB7Y-GB,Yield,https://ts-api.cnbc.com/harmony/app/charts/1Y.json,UK 7Y Gilt Yield (daily close),,TimeSeriesCnbcJsonParser,TRUE,,https://www.cnbc.com/quotes/US5YTIPS,symbol=GB7Y-GB,,
"8Y UK Gilt Yield (daily, 1Y)",GB8Y-GB,Yield,https://ts-api.cnbc.com/harmony/app/charts/1Y.json,UK 8Y Gilt Yield (daily close),,TimeSeriesCnbcJsonParser,TRUE,,https://www.cnbc.com/quotes/US5YTIPS,symbol=GB8Y-GB,,
"9Y UK Gilt Yield (daily, 1Y)",GB9Y-GB,Yield,https://ts-api.cnbc.com/harmony/app/charts/1Y.json,UK 9Y Gilt Yield (daily close),,TimeSeriesCnbcJsonParser,TRUE,,https://www.cnbc.com/quotes/US5YTIPS,symbol=GB9Y-GB,,
"10Y UK Gilt Yield (daily, 1Y)",GB10Y-GB,Yield,https://ts-api.cnbc.com/harmony/app/charts/1Y.json,UK 10Y Gilt Yield (daily close),,TimeSeriesCnbcJsonParser,TRUE,,https://www.cnbc.com/quotes/US5YTIPS,symbol=GB10Y-GB,,
"15Y UK Gilt Yield (daily, 1Y)",GB15Y-GB,Yield,https://ts-api.cnbc.com/harmony/app/charts/1Y.json,UK 15Y Gilt Yield (daily close),,TimeSeriesCnbcJsonParser,TRUE,,https://www.cnbc.com/quotes/US5YTIPS,symbol=GB15Y-GB,,
"20Y UK Gilt Yield (daily, 1Y)",GB20Y-GB,Yield,https://ts-api.cnbc.com/harmony/app/charts/1Y.json,UK 20Y Gilt Yield (daily close),,TimeSeriesCnbcJsonParser,TRUE,,https://www.cnbc.com/quotes/US5YTIPS,symbol=GB20Y-GB,,
"30Y UK Gilt Yield (daily, 1Y)",GB30Y-GB,Yield,https://ts-api.cnbc.com/harmony/app/charts/1Y.json,UK 30Y Gilt Yield (daily close),,TimeSeriesCnbcJsonParser,TRUE,,https://www.cnbc.com/quotes/US5YTIPS,symbol=GB30Y-GB,,
"3M UK Gilt Yield (weekly, 5Y)",GB3M-GB,Yield,https://ts-api.cnbc.com/harmony/app/charts/5Y.json,UK 3M Gilt Yield (weekly close),,TimeSeriesCnbcJsonParser,TRUE,,https://www.cnbc.com/quotes/US5YTIPS,symbol=GB3M-GB,,
"6M UK Gilt Yield (weekly, 5Y)",GB6M-GB,Yield,https://ts-api.cnbc.com/harmony/app/charts/5Y.json,UK 6M Gilt Yield (weekly close),,TimeSeriesCnbcJsonParser,TRUE,,https://www.cnbc.com/quotes/US5YTIPS,symbol=GB6M-GB,,
"1Y UK Gilt Yield (weekly, 5Y)",GB1Y-GB,Yield,https://ts-api.cnbc.com/harmony/app/charts/5Y.json,UK 1Y Gilt Yield (weekly close),,TimeSeriesCnbcJsonParser,TRUE,,https://www.cnbc.com/quotes/US5YTIPS,symbol=GB1Y-GB,,
"2Y UK Gilt Yield (weekly, 5Y)",GB2Y-GB,Yield,https://ts-api.cnbc.com/harmony/app/charts/5Y.json,UK 2Y Gilt Yield (weekly close),,TimeSeriesCnbcJsonParser,TRUE,,https://www.cnbc.com/quotes/US5YTIPS,symbol=GB2Y-GB,,
"3Y UK Gilt Yield (weekly, 5Y)",GB3Y-GB,Yield,https://ts-api.cnbc.com/harmony/app/charts/5Y.json,UK 3Y Gilt Yield (weekly close),,TimeSeriesCnbcJsonParser,TRUE,,https://www.cnbc.com/quotes/US5YTIPS,symbol=GB3Y-GB,,
"4Y UK Gilt Yield (weekly, 5Y)",GB4Y-GB,Yield,https://ts-api.cnbc.com/harmony/app/charts/5Y.json,UK 4Y Gilt Yield (weekly close),,TimeSeriesCnbcJsonParser,TRUE,,https://www.cnbc.com/quotes/US5YTIPS,symbol=GB4Y-GB,,
"5Y UK Gilt Yield (weekly, 5Y)",GB5Y-GB,Yield,https://ts-api.cnbc.com/harmony/app/charts/5Y.json,UK 5Y Gilt Yield (weekly close),,TimeSeriesCnbcJsonParser,TRUE,,https://www.cnbc.com/quotes/US5YTIPS,symbol=GB5Y-GB,,
"6Y UK Gilt Yield (weekly, 5Y)",GB6Y-GB,Yield,https://ts-api.cnbc.com/harmony/app/charts/5Y.json,UK 6Y Gilt Yield (weekly close),,TimeSeriesCnbcJsonParser,TRUE,,https://www.cnbc.com/quotes/US5YTIPS,symbol=GB6Y-GB,,
"7Y UK Gilt Yield (weekly, 5Y)",GB7Y-GB,Yield,https://ts-api.cnbc.com/harmony/app/charts/5Y.json,UK 7Y Gilt Yield (weekly close),,TimeSeriesCnbcJsonParser,TRUE,,https://www.cnbc.com/quotes/US5YTIPS,symbol=GB7Y-GB,,
"8Y UK Gilt Yield (weekly, 5Y)",GB8Y-GB,Yield,https://ts-api.cnbc.com/harmony/app/charts/5Y.json,UK 8Y Gilt Yield (weekly close),,TimeSeriesCnbcJsonParser,TRUE,,https://www.cnbc.com/quotes/US5YTIPS,symbol=GB8Y-GB,,
"9Y UK Gilt Yield (weekly, 5Y)",GB9Y-GB,Yield,https://ts-api.cnbc.com/harmony/app/charts/5Y.json,UK 9Y Gilt Yield (weekly close),,TimeSeriesCnbcJsonParser,TRUE,,https://www.cnbc.com/quotes/US5YTIPS,symbol=GB9Y-GB,,
"10Y UK Gilt Yield (weekly, 5Y)",GB10Y-GB,Yield,https://ts-api.cnbc.com/harmony/app/charts/5Y.json,UK 10Y Gilt Yield (weekly close),,TimeSeriesCnbcJsonParser,TRUE,,https://www.cnbc.com/quotes/US5YTIPS,symbol=GB10Y-GB,,
"15Y UK Gilt Yield (weekly, 5Y)",GB15Y-GB,Yield,https://ts-api.cnbc.com/harmony/app/charts/5Y.json,UK 15Y Gilt Yield (weekly close),,TimeSeriesCnbcJsonParser,TRUE,,https://www.cnbc.com/quotes/US5YTIPS,symbol=GB15Y-GB,,
"20Y UK Gilt Yield (weekly, 5Y)",GB20Y-GB,Yield,https://ts-api.cnbc.com/harmony/app/charts/5Y.json,UK 20Y Gilt Yield (weekly close),,TimeSeriesCnbcJsonParser,TRUE,,https://www.cnbc.com/quotes/US5YTIPS,symbol=GB20Y-GB,,
"30Y UK Gilt Yield (weekly, 5Y)",GB30Y-GB,Yield,https://ts-api.cnbc.com/harmony/app/charts/5Y.json,UK 30Y Gilt Yield (weekly close),,TimeSeriesCnbcJsonParser,TRUE,,https://www.cnbc.com/quotes/US5YTIPS,symbol=GB30Y-GB,,
"3M UK Gilt Yield (quarterly, All)",GB3M-GB,Yield,https://ts-api.cnbc.com/harmony/app/charts/ALL.json,UK 3M Gilt Yield (quarterly close),,TimeSeriesCnbcJsonParser,TRUE,,https://www.cnbc.com/quotes/US5YTIPS,symbol=GB3M-GB,,
"6M UK Gilt Yield (quarterly, All)",GB6M-GB,Yield,https://ts-api.cnbc.com/harmony/app/charts/ALL.json,UK 6M Gilt Yield (quarterly close),,TimeSeriesCnbcJsonParser,TRUE,,https://www.cnbc.com/quotes/US5YTIPS,symbol=GB6M-GB,,
"1Y UK Gilt Yield (quarterly, All)",GB1Y-GB,Yield,https://ts-api.cnbc.com/harmony/app/charts/ALL.json,UK 1Y Gilt Yield (quarterly close),,TimeSeriesCnbcJsonParser,TRUE,,https://www.cnbc.com/quotes/US5YTIPS,symbol=GB1Y-GB,,
"2Y UK Gilt Yield (quarterly, All)",GB2Y-GB,Yield,https://ts-api.cnbc.com/harmony/app/charts/ALL.json,UK 2Y Gilt Yield (quarterly close),,TimeSeriesCnbcJsonParser,TRUE,,https://www.cnbc.com/quotes/US5YTIPS,symbol=GB2Y-GB,,
"3Y UK Gilt Yield (quarterly, All)",GB3Y-GB,Yield,https://ts-api.cnbc.com/harmony/app/charts/ALL.json,UK 3Y Gilt Yield (quarterly close),,TimeSeriesCnbcJsonParser,TRUE,,https://www.cnbc.com/quotes/US5YTIPS,symbol=GB3Y-GB,,
"4Y UK Gilt Yield (quarterly, All)",GB4Y-GB,Yield,https://ts-api.cnbc.com/harmony/app/charts/ALL.json,UK 4Y Gilt Yield (quarterly close),,TimeSeriesCnbcJsonParser,TRUE,,https://www.cnbc.com/quotes/US5YTIPS,symbol=GB4Y-GB,,
"5Y UK Gilt Yield (quarterly, All)",GB5Y-GB,Yield,https://ts-api.cnbc.com/harmony/app/charts/ALL.json,UK 5Y Gilt Yield (quarterly close),,TimeSeriesCnbcJsonParser,TRUE,,https://www.cnbc.com/quotes/US5YTIPS,symbol=GB5Y-GB,,
"6Y UK Gilt Yield (quarterly, All)",GB6Y-GB,Yield,https://ts-api.cnbc.com/harmony/app/charts/ALL.json,UK 6Y Gilt Yield (quarterly close),,TimeSeriesCnbcJsonParser,TRUE,,https://www.cnbc.com/quotes/US5YTIPS,symbol=GB6Y-GB,,
"7Y UK Gilt Yield (quarterly, All)",GB7Y-GB,Yield,https://ts-api.cnbc.com/harmony/app/charts/ALL.json,UK 7Y Gilt Yield (quarterly close),,TimeSeriesCnbcJsonParser,TRUE,,https://www.cnbc.com/quotes/US5YTIPS,symbol=GB7Y-GB,,
"8Y UK Gilt Yield (quarterly, All)",GB8Y-GB,Yield,https://ts-api.cnbc.com/harmony/app/charts/ALL.json,UK 8Y Gilt Yield (quarterly close),,TimeSeriesCnbcJsonParser,TRUE,,https://www.cnbc.com/quotes/US5YTIPS,symbol=GB8Y-GB,,
"9Y UK Gilt Yield (quarterly, All)",GB9Y-GB,Yield,https://ts-api.cnbc.com/harmony/app/charts/ALL.json,UK 9Y Gilt Yield (quarterly close),,TimeSeriesCnbcJsonParser,TRUE,,https://www.cnbc.com/quotes/US5YTIPS,symbol=GB9Y-GB,,
"10Y UK Gilt Yield (quarterly, All)",GB10Y-GB,Yield,https://ts-api.cnbc.com/harmony/app/charts/ALL.json,UK 10Y Gilt Yield (quarterly close),,TimeSeriesCnbcJsonParser,TRUE,,https://www.cnbc.com/quotes/US5YTIPS,symbol=GB10Y-GB,,
"15Y UK Gilt Yield (quarterly, All)",GB15Y-GB,Yield,https://ts-api.cnbc.com/harmony/app/charts/ALL.json,UK 15Y Gilt Yield (quarterly close),,TimeSeriesCnbcJsonParser,TRUE,,https://www.cnbc.com/quotes/US5YTIPS,symbol=GB15Y-GB,,
"20Y UK Gilt Yield (quarterly, All)",GB20Y-GB,Yield,https://ts-api.cnbc.com/harmony/app/charts/ALL.json,UK 20Y Gilt Yield (quarterly close),,TimeSeriesCnbcJsonParser,TRUE,,https://www.cnbc.com/quotes/US5YTIPS,symbol=GB20Y-GB,,
"30Y UK Gilt Yield (quarterly, All)",GB30Y-GB,Yield,https://ts-api.cnbc.com/harmony/app/charts/ALL.json,UK 30Y Gilt Yield (quarterly close),,TimeSeriesCnbcJsonParser,TRUE,,https://www.cnbc.com/quotes/US5YTIPS,symbol=GB30Y-GB,,
"1M CAD Treasury Yield (daily, 1Y)",CA1M-CA,Yield,https://ts-api.cnbc.com/harmony/app/charts/1Y.json,Canadian 1M Treasury Yield (daily close),,TimeSeriesCnbcJsonParser,TRUE,,https://www.cnbc.com/quotes/US5YTIPS,symbol=CA1M-CA,,
"3M CAD Treasury Yield (daily, 1Y)",CA3M-CA,Yield,https://ts-api.cnbc.com/harmony/app/charts/1Y.json,Canadian 3M Treasury Yield (daily close),,TimeSeriesCnbcJsonParser,TRUE,,https://www.cnbc.com/quotes/US5YTIPS,symbol=CA3M-CA,,
"1Y CAD Treasury Yield (daily, 1Y)",CA1Y-CA,Yield,https://ts-api.cnbc.com/harmony/app/charts/1Y.json,Canadian 1Y Treasury Yield (daily close),,TimeSeriesCnbcJsonParser,TRUE,,https://www.cnbc.com/quotes/US5YTIPS,symbol=CA1Y-CA,,
"3Y CAD Treasury Yield (daily, 1Y)",CA3Y-CA,Yield,https://ts-api.cnbc.com/harmony/app/charts/1Y.json,Canadian 3Y Treasury Yield (daily close),,TimeSeriesCnbcJsonParser,TRUE,,https://www.cnbc.com/quotes/US5YTIPS,symbol=CA3Y-CA,,
"4Y CAD Treasury Yield (daily, 1Y)",CA4Y-CA,Yield,https://ts-api.cnbc.com/harmony/app/charts/1Y.json,Canadian 4Y Treasury Yield (daily close),,TimeSeriesCnbcJsonParser,TRUE,,https://www.cnbc.com/quotes/US5YTIPS,symbol=CA4Y-CA,,
"5Y CAD Treasury Yield (daily, 1Y)",CA5Y-CA,Yield,https://ts-api.cnbc.com/harmony/app/charts/1Y.json,Canadian 5Y Treasury Yield (daily close),,TimeSeriesCnbcJsonParser,TRUE,,https://www.cnbc.com/quotes/US5YTIPS,symbol=CA5Y-CA,,
"10Y CAD Treasury Yield (daily, 1Y)",CA10Y-CA,Yield,https://ts-api.cnbc.com/harmony/app/charts/1Y.json,Canadian 10Y Treasury Yield (daily close),,TimeSeriesCnbcJsonParser,TRUE,,https://www.cnbc.com/quotes/US5YTIPS,symbol=CA10Y-CA,,
"20Y CAD Treasury Yield (daily, 1Y)",CA20Y-CA,Yield,https://ts-api.cnbc.com/harmony/app/charts/1Y.json,Canadian 20Y Treasury Yield (daily close),,TimeSeriesCnbcJsonParser,TRUE,,https://www.cnbc.com/quotes/US5YTIPS,symbol=CA20Y-CA,,
"30Y CAD Treasury Yield (daily, 1Y)",CA30Y-CA,Yield,https://ts-api.cnbc.com/harmony/app/charts/1Y.json,Canadian 30Y Treasury Yield (daily close),,TimeSeriesCnbcJsonParser,TRUE,,https://www.cnbc.com/quotes/US5YTIPS,symbol=CA30Y-CA,,
"1M CAD Treasury Yield (weekly, 5Y)",CA1M-CA,Yield,https://ts-api.cnbc.com/harmony/app/charts/5Y.json,Canadian 1M Treasury Yield (weekly close),,TimeSeriesCnbcJsonParser,TRUE,,https://www.cnbc.com/quotes/US5YTIPS,symbol=CA1M-CA,,
"3M CAD Treasury Yield (weekly, 5Y)",CA3M-CA,Yield,https://ts-api.cnbc.com/harmony/app/charts/5Y.json,Canadian 3M Treasury Yield (weekly close),,TimeSeriesCnbcJsonParser,TRUE,,https://www.cnbc.com/quotes/US5YTIPS,symbol=CA3M-CA,,
"1Y CAD Treasury Yield (weekly, 5Y)",CA1Y-CA,Yield,https://ts-api.cnbc.com/harmony/app/charts/5Y.json,Canadian 1Y Treasury Yield (weekly close),,TimeSeriesCnbcJsonParser,TRUE,,https://www.cnbc.com/quotes/US5YTIPS,symbol=CA1Y-CA,,
"3Y CAD Treasury Yield (weekly, 5Y)",CA3Y-CA,Yield,https://ts-api.cnbc.com/harmony/app/charts/5Y.json,Canadian 3Y Treasury Yield (weekly close),,TimeSeriesCnbcJsonParser,TRUE,,https://www.cnbc.com/quotes/US5YTIPS,symbol=CA3Y-CA,,
"4Y CAD Treasury Yield (weekly, 5Y)",CA4Y-CA,Yield,https://ts-api.cnbc.com/harmony/app/charts/5Y.json,Canadian 4Y Treasury Yield (weekly close),,TimeSeriesCnbcJsonParser,TRUE,,https://www.cnbc.com/quotes/US5YTIPS,symbol=CA4Y-CA,,
"5Y CAD Treasury Yield (weekly, 5Y)",CA5Y-CA,Yield,https://ts-api.cnbc.com/harmony/app/charts/5Y.json,Canadian 5Y Treasury Yield (weekly close),,TimeSeriesCnbcJsonParser,TRUE,,https://www.cnbc.com/quotes/US5YTIPS,symbol=CA5Y-CA,,
"10Y CAD Treasury Yield (weekly, 5Y)",CA10Y-CA,Yield,https://ts-api.cnbc.com/harmony/app/charts/5Y.json,Canadian 10Y Treasury Yield (weekly close),,TimeSeriesCnbcJsonParser,TRUE,,https://www.cnbc.com/quotes/US5YTIPS,symbol=CA10Y-CA,,
"20Y CAD Treasury Yield (weekly, 5Y)",CA20Y-CA,Yield,https://ts-api.cnbc.com/harmony/app/charts/5Y.json,Canadian 20Y Treasury Yield (weekly close),,TimeSeriesCnbcJsonParser,TRUE,,https://www.cnbc.com/quotes/US5YTIPS,symbol=CA20Y-CA,,
"30Y CAD Treasury Yield (weekly, 5Y)",CA30Y-CA,Yield,https://ts-api.cnbc.com/harmony/app/charts/5Y.json,Canadian 30Y Treasury Yield (weekly close),,TimeSeriesCnbcJsonParser,TRUE,,https://www.cnbc.com/quotes/US5YTIPS,symbol=CA30Y-CA,,
"1M CAD Treasury Yield (quarterly, All)",CA1M-CA,Yield,https://ts-api.cnbc.com/harmony/app/charts/ALL.json,Canadian 1M Treasury Yield (quarterly close),,TimeSeriesCnbcJsonParser,TRUE,,https://www.cnbc.com/quotes/US5YTIPS,symbol=CA1M-CA,,
"3M CAD Treasury Yield (quarterly, All)",CA3M-CA,Yield,https://ts-api.cnbc.com/harmony/app/charts/ALL.json,Canadian 3M Treasury Yield (quarterly close),,TimeSeriesCnbcJsonParser,TRUE,,https://www.cnbc.com/quotes/US5YTIPS,symbol=CA3M-CA,,
"1Y CAD Treasury Yield (quarterly, All)",CA1Y-CA,Yield,https://ts-api.cnbc.com/harmony/app/charts/ALL.json,Canadian 1Y Treasury Yield (quarterly close),,TimeSeriesCnbcJsonParser,TRUE,,https://www.cnbc.com/quotes/US5YTIPS,symbol=CA1Y-CA,,
"3Y CAD Treasury Yield (quarterly, All)",CA3Y-CA,Yield,https://ts-api.cnbc.com/harmony/app/charts/ALL.json,Canadian 3Y Treasury Yield (quarterly close),,TimeSeriesCnbcJsonParser,TRUE,,https://www.cnbc.com/quotes/US5YTIPS,symbol=CA3Y-CA,,
"4Y CAD Treasury Yield (quarterly, All)",CA4Y-CA,Yield,https://ts-api.cnbc.com/harmony/app/charts/ALL.json,Canadian 4Y Treasury Yield (quarterly close),,TimeSeriesCnbcJsonParser,TRUE,,https://www.cnbc.com/quotes/US5YTIPS,symbol=CA4Y-CA,,
"5Y CAD Treasury Yield (quarterly, All)",CA5Y-CA,Yield,https://ts-api.cnbc.com/harmony/app/charts/ALL.json,Canadian 5Y Treasury Yield (quarterly close),,TimeSeriesCnbcJsonParser,TRUE,,https://www.cnbc.com/quotes/US5YTIPS,symbol=CA5Y-CA,,
"10Y CAD Treasury Yield (quarterly, All)",CA10Y-CA,Yield,https://ts-api.cnbc.com/harmony/app/charts/ALL.json,Canadian 10Y Treasury Yield (quarterly close),,TimeSeriesCnbcJsonParser,TRUE,,https://www.cnbc.com/quotes/US5YTIPS,symbol=CA10Y-CA,,
"20Y CAD Treasury Yield (quarterly, All)",CA20Y-CA,Yield,https://ts-api.cnbc.com/harmony/app/charts/ALL.json,Canadian 20Y Treasury Yield (quarterly close),,TimeSeriesCnbcJsonParser,TRUE,,https://www.cnbc.com/quotes/US5YTIPS,symbol=CA20Y-CA,,
"30Y CAD Treasury Yield (quarterly, All)",CA30Y-CA,Yield,https://ts-api.cnbc.com/harmony/app/charts/ALL.json,Canadian 30Y Treasury Yield (quarterly close),,TimeSeriesCnbcJsonParser,TRUE,,https://www.cnbc.com/quotes/US5YTIPS,symbol=CA30Y-CA,,
US Gas Prices,GASREGW,Price,https://www.eia.gov/petroleum/gasdiesel/xls/pswrgvwall.xls,Weekly U.S. Regular All Formulations Retail Gasoline Prices  (Dollars per Gallon),,GasPricesExcelParser,TRUE,,https://www.eia.gov/petroleum/gasdiesel/,,,